{
  "hostname": "dashdb-txn-sbox-yp-dal09-03.services.dal.bluemix.net",
  "password": "2k3v+j6qvzprtfk6",
  "https_url": "https://dashdb-txn-sbox-yp-dal09-03.services.dal.bluemix.net",
  "port": 50000,
  "ssldsn": "DATABASE=BLUDB;HOSTNAME=dashdb-txn-sbox-yp-dal09-03.services.dal.bluemix.net;PORT=50001;PROTOCOL=TCPIP;UID=hmz29592;PWD=2k3v+j6qvzprtfk6;Security=SSL;",
  "host": "dashdb-txn-sbox-yp-dal09-03.services.dal.bluemix.net",
  "jdbcurl": "jdbc:db2://dashdb-txn-sbox-yp-dal09-03.services.dal.bluemix.net:50000/BLUDB",
  "uri": "db2://hmz29592:2k3v%2Bj6qvzprtfk6@dashdb-txn-sbox-yp-dal09-03.services.dal.bluemix.net:50000/BLUDB",
  "db": "BLUDB",
  "dsn": "DATABASE=BLUDB;HOSTNAME=dashdb-txn-sbox-yp-dal09-03.services.dal.bluemix.net;PORT=50000;PROTOCOL=TCPIP;UID=hmz29592;PWD=2k3v+j6qvzprtfk6;",
  "username": "hmz29592",
  "ssljdbcurl": "jdbc:db2://dashdb-txn-sbox-yp-dal09-03.services.dal.bluemix.net:50001/BLUDB:sslConnection=true;"
}